축제명,국가,도시/지역,시기,주제,특징,공식/정보 사이트,개최일
Udaipur World Music Festival,인도,우다이푸르,2월,음악/월드뮤직,국제 월드뮤직 대형 축제,https://www.udaipurworldmusicfestival.com,02/07 ~ 02/09
Bun Festival,홍콩,청차우,4월 5월,전통/음식,빵탑 오르기‧퍼레이드,https://www.discoverhongkong.com,05/03 ~ 05/06
Angkor Wat International Half Marathon,캄보디아,앙코르와트,12월,스포츠/이색,유네스코 유적 마라톤,https://www.angkormarathon.org,12/07 
Borobudur Vesak Festival,인도네시아,자바(보로부두르),5월,종교/불교,세계문화유산 불교 등불제,https://borobudurmarathon.co.id,05/12
Jeju Seongsan Sunrise Festival,대한민국,제주도,1월,일출/전통,성산일출봉 해맞이 행사,https://www.visitjeju.net,01/01
Kolkata International Film Festival,인도,콜카타,1월,영화,인도의 대표 독립영화 축제,https://kiff.in,01/05 ~ 01/12
Wakakusa Yamayaki,일본,나라,1월,불/전통,산불 놀이와 불꽃놀이,https://narashikanko.jp,01/25
Korea Grand Sale,대한민국,전국,2월 3월,쇼핑/관광,대규모 관광/쇼핑·체험 페스티벌,https://www.koreagrandsale.co.kr,01/15 ~ 02/28
Hungry Ghost Festival,대만,전국,8월,전통/종교,귀신위령제 퍼레이드,https://eng.taiwan.net.tw,08/06 ~ 08/31
Phuket Vegetarian Festival,태국,푸껫,10월,음식/종교,채식·극기행위 독특한 불교제,https://www.tourismthailand.org,09/28 ~ 10/07 
Ulaanbaatar Summer Festival,몽골,울란바토르,7월,문화/체험,몽골 여름 관광 대표행사,https://www.go-mongolia.com,07/10 ~ 07/13
Guwahati International Film Festival,인도,구와하티,10월,영화,동북인도 영화산업,https://giiff.in,10/27 ~ 11/02 
Sapporo Autumn Fest,일본,삿포로,9월,음식/가을,홋카이도 음식 대축제,https://www.sapporo-autumnfest.jp,09/06 ~ 09/29 
Siem Reap Water Festival,캄보디아,시엠립,11월,물/문화,메콩강 수위와 연계 수상퍼레이드,https://www.tourismcambodia.com,11/05 ~ 11/07 
Bali Kite Festival,인도네시아,덴파사르,7월 8월 9월 10월,전통/체험,전통연·경기 가득한 바람축제,https://www.balitourismboard.org,07/14 ~ 10/20
Jodhpur RIFF (Rajasthan International Folk Festival),인도,조드푸르,10월,음악/전통,인도 전통/포크음악 대표 국제제,https://jodhpurriff.org,10/24 ~ 10/27 
Goa Carnival,인도,고아,2월 3월,퍼레이드/음식,포르투갈식 카니발 퍼레이드,https://www.goa-tourism.com,02/28 ~ 03/04
Yokohama Jazz Promenade,일본,요코하마,10월,음악/재즈,일본 최대 도시형 재즈 축제,https://jazzpro.jp,10/11 ~ 10/12 
Tainan International Mango Festival,대만,타이난,5월 6월 7월,음식,망고 전문 미식+농업 체험,https://www.twtainan.net,05/25 ~ 07/21
Sun Moon Lake Fireworks-Music Festival,대만,난터우,10월,불꽃/음악,호수변 음악+불꽃 대축제,https://www.sunmoonlake.gov.tw,10/19 ~ 11/16 
Asia Cosmopolitan Awards Ceremony,일본,나라,12월,문화/국제,아시아 네트워크 시상 축제,https://www.asiacosmopolitanawards.org,12/11 
Yilan International Children's Folklore & Folkgame Festival,대만,이란,7월 8월,놀이/어린이,아동 민속놀이·세계문화,https://www.yicfff.tw,07/06 ~ 08/18
Shenzhen & Hong Kong Bi-city Biennale of Urbanism\Architecture,중국/홍콩,선전·홍콩,12월 1월,예술/디자인,도시·건축 현대 디자인 대축제,https://www.szhkbiennale.org,12/13 ~ 03/01 
Sumba Pasola Festival,인도네시아,숨바섬,2월 3월,전통/스포츠,말 위 창던지기 부족전통제,https://www.indonesia.travel,03/10 ~ 03/20
Incheon International Rock Festival,대한민국,부산,8월,음악/락,국내외 락음악 대표 야외제,https://pentaport.co.kr/,08/09 ~ 08/11
Taipei International Book Exhibition,대만,타이베이,1월 2월,도서/문화,아시아 최대 국제도서전,https://www.tibe.org.tw,01/29 ~ 02/03
Suwon Hwaseong Cultural Festival,대한민국,수원,10월,전통/역사,세계유산 수원화성 테마행사,https://www.swcf.or.kr,10/04 ~ 10/06 
Hyderabad Literary Festival,인도,하이데라바드,1월,문학/종합,남인도 대표 국제문학축제,https://www.hydlitfest.org,01/24 ~ 01/26
Japan Media Arts Festival,일본,도쿄,2월,디지털/미디어아트,만화·인터랙티브 미디어예술제,https://j-mediaarts.jp,02/07 ~ 02/14
Macau Arts Festival,마카오,마카오,5월,예술/종합,연극·무용·전시 등 종합 아트축제,https://www.icm.gov.mo/fam,05/03 ~ 06/07
Tainan International Chihsi Arts Festival,대만,타이난,8월,예술/전통,칠월칠석 야외 예술공연,https://www.twtainan.net,08/01 ~ 08/03
Haeundae Sand Festival,대한민국,부산,5월,해변/예술,모래조각ㆍ퍼포먼스 해변 예술제,https://sand.busan.go.kr,05/16 ~ 05/19
Cyprus Wine Festival,키프로스,리마솔,8월,음식/와인,지중해 와인 시음+공연,https://www.limassolmunicipal.com.cy,08/23 ~ 09/01 
Yangon Water Festival (Thingyan),미얀마,양곤·전국,4월,물/전통,버마 신년 물뿌리기,https://www.myanmar.travel,04/13 ~ 04/16
Hong Kong International Film Festival,홍콩,홍콩,3월 4월,영화,아시아 대표 국제영화제,https://www.hkiff.org.hk,03/30 ~ 04/10
Nanning International Folk Song Art Festival,중국,난닝,9월,음악/민요,아시아 민속음악 국제경연,https://www.nnfolk.com,09/21 ~ 09/25 
Taiwan Cycling Festival,대만,전국,9월 10월 11월,스포츠/자전거,대만 자전거 대축제,https://eng.taiwan.net.tw,10/19 ~ 11/10 
Osaka Asia Film Festival,일본,오사카,3월,영화,동아시아 영상컨텐츠 대표제,https://www.oaff.jp,03/07 ~ 03/14
Phuket King’s Cup Regatta,태국,푸껫,12월,요트/스포츠,아시아 최고 권위 요트대회,https://www.kingscup.com,11/29 ~ 12/07 
Boryeong Mud Festival,대한민국,보령,7월 8월,체험,머드 놀이와 글로벌 참여,https://www.mudfestival.or.kr/en/festival/main.html,07/19 ~ 08/04
Gion Matsuri,일본,교토,7월,전통,천년 전통 행렬과 다채로운 행사,https://www.kyoto-gionfestival.jp,07/01 ~ 07/31
Songkran Festival,태국,전국,4월,물축제,태국 새해 맞이 물축제,https://www.tourismthailand.org,04/13 ~ 04/15
Harbin Ice Festival,중국,하얼빈,1월 2월,겨울,세계 최대 얼음 축제,https://www.icefestivalharbin.com,01/05 ~ 02/29
Yi Peng Lantern Festival,태국,치앙마이,11월,등불축제,수천 개 등불 날리기,https://www.yipengchiangmai.com/,11/14 ~ 11/16 
Cherry Blossom Festival,일본,전국,3월 4월,꽃축제,벚꽃 놀이 명소,https://www.japan-guide.com/cherry-blossom/,03/20 ~ 04/10
Jaisalmer Desert Festival,인도,자이살메르,2월,전통/퍼포먼스,사막 예술과 전통춤,https://www.tourmyindia.com,02/14 ~ 02/16
Dragon Boat Festival,중국,전국,6월,전통,용선 경주 및 용선 축제,https://www.chinahighlights.com,06/02
Lantern Festival,대만,핑시,2월,등불,천등 날리기 축제,https://www.taiwan.net.tw,02/12
Nagasaki Lantern Festival,일본,나가사키,2월,등불,중국 음력설 축제,https://www.nagasaki-tabinet.com,02/01 ~ 02/15
Loy Krathong Festival,태국,전국,11월,등불/전통,물에 등불 띄우기 행사,https://www.tourismthailand.org,날짜 미정
Da Nang Fireworks Festival,베트남,다낭,6월 7월,불꽃놀이,국제 불꽃놀이 대회,https://danang.gov.vn,날짜 미정
Awa Odori Festival,일본,도쿠시마,8월,춤/전통,일본 전통 댄스축제,https://awaodori.tokushima.jp,08/12 ~ 08/15 
Magh Mela,인도,프라야그라지,1월 2월,종교/전통,힌두교 대형 성수의식,https://www.kumbh.gov.in/magh-mela,01/14 ~ 02/01
Pushkar Camel Fair,인도,푸쉬카르,10월 11월,전통/시장,낙타 경매 및 문화 축제,https://pushkarfair.in,날짜 미정
Bali Arts Festival,인도네시아,발리,6월 7월,예술,전통 공연과 전시,https://www.baliartsfestival.com,06/15 ~ 07/15 
Chinese New Year,중국,전국,1월 2월,전통,음력 설 축제,https://www.travelchinaguide.com,01/16 ~ 02/05
Hibiscus Festival,홍콩,홍콩,7월 8월,꽃/문화,하이난 꽃 축제,https://www.discoverhongkong.com,07/15 ~ 08/10
Mid-Autumn Festival,중국,전국,9월 10월,전통/등불,달과 등불 축제,https://www.travelchinaguide.com,09/29 ~ 10/07 
Taipei Lantern Festival,대만,타이베이,2월,등불,대만 최대 등불 축제,https://www.taipei.gov.tw,02/15 ~ 02/28
King's Cup Elephant Polo Tournament,태국,치앙라이,2월,스포츠/문화,코끼리 폴로 대회,https://www.kingscup.org,날짜 미정
Thaipusam,말레이시아,쿠알라룸푸르,1월 2월,종교,힌두교 타이푸삼 축제,https://www.tourism.gov.my,01/28
Wangfujing Street Food Festival,중국,베이징,9월,음식,거리 음식 축제,https://www.beijingtravel.com,09/10 ~ 09/20 
Chingay Parade,싱가포르,전국,1월 2월,퍼레이드,중국 음력정월대보름 퍼레이드,https://www.visitsingapore.com,02/05
Nara Tokae Lantern Festival,일본,나라,8월,등불,수천 개의 등불 행사,https://narashikanko.jp,08/10 ~ 08/15 
Busan International Film Festival,대한민국,부산,10월,영화,아시아 최대 영화제 중 하나,https://www.biff.kr,10/02 ~ 10/11
Onbashira Festival,일본,나가노,4년마다 4월,전통,거대한 장작 운반 축제,https://onbashira.jp,04/01 ~ 04/30 
Hue Festival,베트남,후에,4월,문화,전통 음악과 무용,https://www.vietnam.travel,04/15 ~ 04/20 
Subak Festival,인도네시아,발리,7월 8월,농업/전통,전통 농업 의식 축제,https://www.baliindia.org,07/15 ~ 08/15 
Hsinchu City Fireworks Festival,대만,신주,10월,불꽃놀이,국제 불꽃놀이 대회,https://www.hsinchu.gov.tw,10/15 ~ 10/20 
Tết Nguyên Đán,베트남,전국,1월 2월,전통,베트남 구정 설 축제,https://www.vietnam.travel,01/20 ~ 02/02
Mazu Pilgrimage,대만,전국,4월,종교,마조 신앙 의식,https://www.taiwan.net.tw,04/15 ~ 04/25 
Chengdu International Panda Festival,중국,청두,9월,동물/문화,팬더 테마 축제,https://www.chengdu.gov.cn,09/12 ~ 09/18 
Bangkok International Film Festival,태국,방콕,11월,영화,국제 영화제,https://bangkokfilm.org,11/10 ~ 11/18 
Nagasaki Kunchi Festival,일본,나가사키,10월,전통,대형 민속 축제,https://www.nagasaki-tabinet.com,10/07 ~ 10/09
Mahakumbh Mela,인도,전국,12년마다,종교,세계 최대 순례 축제,https://www.kumbh.gov.in,날짜 미정
Taipei International Flora Expo,대만,타이베이,11월,꽃/문화,대형 꽃 박람회,https://www.tiflo.com.tw,11/01 ~ 11/30 
I Love Seoul Festival,대한민국,서울,5월,음악/문화,서울 대표 봄 축제,https://www.visitseoul.net,05/03 ~ 05/12
Nagoya Festival,일본,나고야,10월,전통,무사 행렬과 퍼레이드,https://nagoya-info.jp,10/15 ~ 10/17 
Singapore Food Festival,싱가포르,싱가포르,7월 8월,음식,싱가포르 대표미식 체험,https://www.visitsingapore.com,07/05 ~ 08/10 
Great Singapore Sale,싱가포르,싱가포르,6월 7월,쇼핑,대규모 할인행사,https://www.visitsingapore.com,06/15 ~ 07/15 
Penang George Town Festival,말레이시아,페낭,7월 8월,예술/문화,현대예술/퍼포먼스,https://georgetownfestival.com,07/01 ~ 08/20 
Mount Fuji Climbing Season,일본,야마나시,7월 9월,체험/스포츠,후지산 등산 시즌,https://www.japan.travel,07/01 ~ 09/10 
Kandy Esala Perahera,스리랑카,캔디,7월 8월,퍼레이드,사원 행렬·불꽃,https://www.srilanka.travel,07/27 ~ 08/01 
Cheung Chau Bun Festival,홍콩,청차우섬,4월 5월,음식/퍼레이드,번신 인형 의식,https://www.discoverhongkong.com,05/01 ~ 05/05
Busan Sea Festival,대한민국,부산,8월,해양/음악,해변 중앙축제,https://www.busan.go.kr,08/02 ~ 08/05 
Jeonju Hanji Culture Festival,대한민국,전주,5월,전통/문화,한지 공예 체험,https://www.hanjifestival.or.kr,05/05 ~ 05/10
Fukuoka Dontaku Port Festival,일본,후쿠오카,5월,퍼레이드/문화,대규모 시민 퍼레이드,https://www.dontaku.or.jp,05/03 ~ 05/05
Kolkata Book Fair,인도,콜카타,1월 2월,문화/교육,세계 최대 도서축제,https://www.kolkatabookfair.net,01/15 ~ 02/06
Kochi-Matsuri,일본,고치,8월,전통/퍼레이드,요사코이 춤 축제,https://www.city.kochi.kochi.jp/soshiki/86/,08/09 ~ 08/12 
Taipei Arts Festival,대만,타이베이,8월 9월,예술/공연,현대 공연예술 축제,https://www.tfaf.taipei,08/20 ~ 09/10 
Taichung Jazz Festival,대만,타이중,10월,음악,국제 재즈 페스티벌,https://www.taichungjazzfestival.com.tw,10/01 ~ 10/07 
Sumida River Fireworks Festival,일본,도쿄,7월,불꽃놀이,도쿄 여름 불꽃놀이,https://www.sumidagawa-hanabi.com,07/28
Seoul Lantern Festival,대한민국,서울,11월,등불/문화,청계천 등불 전시,https://festivalseoul.or.kr,11/01 ~ 11/15 
George Town Literary Festival,말레이시아,페낭,11월,문학/문화,동남아 최대 문학축제,https://www.georgetownlitfest.com,11/10 ~ 11/20 
Asia Song Festival,대한민국,서울,10월,음악,아시아 유명 음악인의 공연,https://www.asiasongfestival.com,10/05 ~ 10/07 
Ulaanbaatar Eagle Festival,몽골,울란바토르,10월,전통/동물,황금독수리 사냥 시연,https://www.goyo.travel,10/10 ~ 10/14 
Kitaro Matsuri,일본,돗토리,8월,전통/캐릭터,만화 테마 축제,https://www.sakaiminato.net,08/20 ~ 08/25 
Macau International Fireworks Display,마카오,마카오,9월 10월,불꽃놀이,국제 불꽃 대회,https://fireworks.macaotourism.gov.mo,09/20 ~ 10/01 
Gwangju Biennale,대한민국,광주,9월 10월 11월,예술,아시아 대표 현대미술제,https://www.gwangjubiennale.org,09/25 ~ 11/10 
Jakarta Fair,인도네시아,자카르타,6월 7월,상업/문화,대규모 무역·문화축제,https://www.jakartafair.co.id,06/10 ~ 07/05 
Busan Fireworks Festival,대한민국,부산,10월,불꽃놀이,광안리 해변 불꽃축제,https://www.bff.or.kr,10/20
Jeju Fire Festival,대한민국,제주,3월,전통/불,정월대보름 들불놀이,https://www.jejusi.go.kr,03/05 ~ 03/07
Singapore Night Festival,싱가포르,시티,8월,야간/예술,야간 예술 퍼포먼스,https://www.nightfestival.sg,08/10 ~ 08/20 
Jeju Canola Flower Festival,대한민국,제주,4월,꽃,유채꽃 명소 체험,https://www.visitjeju.net,04/10 ~ 04/25
Manila Fête de la Musique,필리핀,마닐라,6월,음악,프랑스 기원 대형 음악제,https://www.facebook.com/FetePH,06/15 ~ 06/21 
Kyoto Hanatouro,일본,교토,3월·12월,등불,절경 산책로 등불 축제,https://www.hanatouro.jp,03/10 ~ 03/17
Hong Kong Wine & Dine Festival,홍콩,홍콩,10월 11월,음식/와인,세계 미식 체험,https://www.winedinefestival.discoverhongkong.com,10/15 ~ 11/05 
Changwon K-POP World Festival,대한민국,창원,10월,음악,K팝 커버댄스 경연,https://www.kpopworldfestival.com,10/20 ~ 10/25 
Busan One Asia Festival,대한민국,부산,10월,음악/문화,K컬처 한류행사,https://bof.or.kr,10/15 ~ 10/18 
Taiwan International Balloon Festival,대만,타이동,7월 8월,공연/체험,열기구 체험 및 퍼포먼스,https://balloontaiwan.taitung.gov.tw,07/25 ~ 08/20 
Osaka Tenjin Matsuri,일본,오사카,7월,전통/퍼레이드,물 위 행렬·불꽃,https://www.tenjinmatsuri.com,07/22 ~ 07/24
Jeonju Bibimbap Festival,대한민국,전주,10월,음식,한국 대표 비빔밥 축제,https://www.bibimbapfest.com,10/05 ~ 10/08 
Seoul Kimchi Making & Sharing Festival,대한민국,서울,11월,음식/문화,김장 체험·나눔,https://www.kimchifestival.kr,11/05 ~ 11/10 
Asia Rainbow TV Awards,마카오,마카오,5월,미디어/예술,아시아 방송 시상식,https://www.artva.com,05/15 
Japan Sakura Festival,일본,전국,3월 4월,꽃,벚꽃 명소 소개,https://www.japan.travel/en/uk/inspiration/sakura/,03/20 ~ 04/10
India International Mango Festival,인도,델리,7월,음식,국제 망고 품평회,https://www.delhitourism.gov.in,07/10 ~ 07/15
Singapore River Festival,싱가포르,싱가포르,7월 8월,문화,리버 퍼레이드·공연,https://www.srf.sg,07/15 ~ 08/05 
Naha Tug-of-War Festival,일본,오키나와,10월,전통/체험,거대 줄다리기,https://www.naha-otsunahiki.org,10/10 ~ 10/12 
Ulsan Whale Festival,대한민국,울산,5월,해양/문화,고래 테마 퍼레이드,https://www.ulsan.go.kr/whale,05/10 ~ 05/15
Kobe Luminarie,일본,고베,12월,등불/예술,도심 야간 조명 설치,https://www.kobe-luminarie.jp,12/01 ~ 12/15 
Taiwan Lantern Festival,대만,전국,2월,등불/전통,정월대보름 등불 대축제,https://taiwan.net.tw,02/15 ~ 02/28
Cheongdo Bullfighting Festival,대한민국,청도,3월,전통/동물,소싸움 대회,https://bull.cheongdo.go.kr,03/15 ~ 03/18 
Hakata Gion Yamakasa,일본,후쿠오카,7월,전통/퍼레이드,화려한 수레 운반,https://www.hakatayamakasa.com,07/10 ~ 07/15
Vesak Day Celebration,싱가포르,싱가포르,5월,종교/문화,불교 부처님 오신날 대축제,https://www.buddhistfederation.sg,05/05
Komodo Festival,인도네시아,플로레스,3월,관광/체험,코모도 드래곤 관광축제,https://www.floreskomodotourism.com,03/10 ~ 03/20
Lunar New Year Festival,베트남,전국,1월 2월,전통,음력 설맞이 대축제,https://www.vietnam.travel,01/20 ~ 02/05
Tomorrowland,벨기에,Boom,7월,음악(EDM),세계 최대 일렉트로닉 페스티벌,https://www.tomorrowland.com,07/25 ~ 07/30
Glastonbury Festival,영국,섬머싯,6월,음악,세계적 뮤직·예술 축제,https://www.glastonburyfestivals.co.uk,06/26 ~ 06/30
La Tomatina,스페인,부뇰,8월 마지막 주 수요일,음식,토마토 던지기 축제,https://latomatina.info,08/27
Sziget Festival,헝가리,부다페스트,8월,음악/종합,유럽 최대 음악·문화 페스티벌,https://szigetfestival.com,08/08 ~ 08/14 
Oktoberfest,독일,뮌헨,9월 10월,음식/음악,세계 최대 맥주 축제,https://www.oktoberfest.de,09/20 ~ 10/05 
Venice Carnival,이탈리아,베니스,2월 3월,가면/전통,가면무도·퍼레이드,https://www.carnevale.venezia.it,02/15 ~ 02/25
Edinburgh Fringe,영국,에든버러,8월,공연예술,세계 최대 공연예술제,https://www.edfringe.com,08/12 ~ 08/26 
San Fermin,스페인,팜플로나,7월,퍼레이드,유명 소몰이 축제,https://www.pamplonafiesta.com,07/06 ~ 07/14
Roskilde Festival,덴마크,로스킬데,6월 7월,음악,북유럽 대형 록 페스티벌,https://www.roskilde-festival.dk,06/27 ~ 07/05
Ultra Europe,크로아티아,스플리트,7월,음악(EDM),유명 EDM 페스티벌,https://ultraeurope.com,07/10 ~ 07/13
Primavera Sound,스페인,바르셀로나,6월,음악,최신 인디·록 페스티벌,https://www.primaverasound.com,06/01 ~ 06/05
Isle of Wight Festival,영국,아일오브와이트,6월,음악,유서 깊은 대형 음악제,https://isleofwightfestival.com,06/13 ~ 06/16
Notting Hill Carnival,영국,런던,8월,퍼레이드,카리브 문화 대형 퍼레이드,https://nhcarnival.org,08/23 ~ 08/25 
Boom Festival,포르투갈,이다냐아노바,7월,음악/예술,트랜스·웰니스·예술,https://boomfestival.org,07/24 ~ 07/30
Open'er Festival,폴란드,그디니아,7월,음악,폴란드 대표 뮤직페스티벌,https://opener.pl,07/01 ~ 07/05
Benicàssim Festival (FIB),스페인,베니카심,7월,음악,지중해 해변 음악제,https://fiberfib.com,07/15 ~ 07/21
Creamfields,영국,체셔,8월,음악(EDM),국제적 일렉트로닉 페스티벌,https://creamfields.com,08/20 ~ 08/25 
Hellfest,프랑스,클리송,6월,음악(메탈),메탈/록 전문 대형 페스티벌,https://www.hellfest.fr,06/15 ~ 06/20
Les Vieilles Charrues,프랑스,카라,7월,음악,프랑스 최대 야외 음악제,https://www.vieillescharrues.asso.fr,07/18 ~ 07/22
Carnival of Binche,벨기에,빈슈,2월,전통/가면,유네스코 등재 고유 가면카니발,https://www.carnavaldebinche.be,02/07 ~ 02/10
Rock am Ring,독일,뉘르부르크,6월,음악,유럽 대표 록 페스티벌,https://www.rock-am-ring.com,06/06 ~ 06/08
Exit Festival,세르비아,노비사드,7월,음악,유럽 최고 인디/일렉트로닉/락,https://www.exitfest.org,07/05 ~ 07/09
Lollapalooza Berlin,독일,베를린,9월,음악,글로벌 인디팝 페스티벌,https://www.lollapaloozade.com,09/01 ~ 09/03
Montreux Jazz Festival,스위스,몽트뢰,7월,음악(재즈),세계적 재즈축제,https://www.montreuxjazzfestival.com,07/04 ~ 07/14
Rheinkirmes,독일,뒤셀도르프,7월,전통/놀이,라인강 대규모 놀이축제,https://www.rheinkirmes-duesseldorf.de,07/14 ~ 07/21
Fiesta de San Isidro,스페인,마드리드,5월,전통,마드리드 대표 수호성인 도시축제,https://www.madrid.es,05/10 ~ 05/15
Ferias de Malaga,스페인,말라가,8월,전통/음식,안달루시아 대표 여름축제,https://feria.malaga.eu/,08/12 ~ 08/18 
Las Fallas,스페인,발렌시아,3월,불축제/퍼레이드,화려한 모형 소각 퍼레이드,https://fallas.com,03/15 ~ 03/19
Palio di Siena,이탈리아,시에나,7월 8월,경마/전통,유명 중세 말경주/축제,https://www.ilpalio.org,07/02 ~ 07/16
Fête de la Musique,프랑스,전국,6월,음악,세계적 거리음악의 날,https://fetedelamusique.culture.gouv.fr,06/21
Bregenz Festival,오스트리아,브레겐츠,7월 8월,오페라/음악,호수 수상 무대의 오페라,https://bregenzerfestspiele.com,07/15 ~ 08/15 
St Patrick's Festival,아일랜드,더블린,3월,퍼레이드/전통,성패트릭 축일·거리 퍼레이드,https://stpatricksfestival.ie,03/17
Carnival of Nice,프랑스,니스,2월 3월,퍼레이드/꽃,꽃차 퍼레이드·가면행렬,https://nicecarnaval.com,02/15 ~ 03/03
Up Helly Aa,영국,셰틀랜드,1월,불/퍼레이드,바이킹 횃불축제,https://www.uphellyaa.org,01/25
Bayreuth Festival,독일,바이로이트,7월 8월,오페라,바그너 오페라 전문축제,https://www.bayreuther-festspiele.de,07/20 ~ 08/25 
Edinburgh International Festival,영국,에든버러,8월,공연/음악/오페라,예술종합제,https://www.eif.co.uk,08/09 ~ 08/24 
Sónar Festival,스페인,바르셀로나,6월,음악(EDM/테크),일렉트로닉·창조 기술축제,https://sonar.es,06/17 ~ 06/21
Rock en Seine,프랑스,파리,8월,음악,프랑스 대표 락/팝 음악제,https://www.rockenseine.com,08/23 ~ 08/25 
Samhain Fire Festival,아일랜드,더블린,10월,불/전통,켈트 불축제·할로윈 유래,https://samhainfestival.com,10/31 
King’s Day,네덜란드,전국,4월,퍼레이드/놀이,주황색 거리파티,https://www.holland.com,04/27
Fiesta del Pilar,스페인,사라고사,10월,전통,피에스타 퍼레이드·무용,https://www.zaragoza.es,10/10 ~ 10/14 
Zürich Street Parade,스위스,취리히,8월,음악/퍼레이드,유럽 최대 테크노 거리퍼레이드,https://www.streetparade.com,08/09
Valencia Feria de Julio,스페인,발렌시아,7월,꽃/전통,꽃퍼레이드·전통축제,https://www.visitvalencia.com,07/01 ~ 07/31 
Fête des Lumières,프랑스,리옹,12월,등불,환상적 프로젝션&라이트쇼,https://www.fetedeslumieres.lyon.fr,12/06 ~ 12/09 
Fiestas de San Fermín,스페인,팜플로나,7월,전통,소몰이 포함 대규모 페스티벌,https://www.pamplona.es,07/06 ~ 07/14
Festival Internacional de Benicàssim,스페인,베니카심,7월,음악,인디·락·전자 음악축제,https://fiberfib.com,07/16 ~ 07/20
WOMAD,영국,멀버리,7월,음악,월드뮤직 올나잇 페스티벌,https://womad.co.uk,07/11 ~ 07/14
World Club Dome,독일,프랑크푸르트,6월 7월,음악(EDM),거대 일렉트로닉 클럽,https://www.worldclubdome.com,06/28 ~ 07/01
Parklife,영국,맨체스터,6월,음악,UK 대표 댄스·힙합·팝,https://parklife.uk.com,06/15 ~ 06/17
Defqon.1,네덜란드,Biddinghuizen,6월,음악(하드스타일),하드댄스 세계적 페스티벌,https://www.defqon1.com,06/12 ~ 06/14
Rock Werchter,벨기에,Werchter,7월,음악,세계 최정상 록/팝 음악제,https://www.rockwerchter.be,07/05 ~ 07/08
Eurovision Song Contest,유럽,개최국순환(2025:스위스),5월,음악,유럽 최대 TV음악경연,https://eurovision.tv,05/14 ~ 05/18
Carnival of Venice,이탈리아,베니스,2월 3월,가면/퍼레이드,유명한 가면무도·행렬,https://www.carnevale.venezia.it,02/03 ~ 02/25
Bastille Day,프랑스,파리,7월,국경일/퍼레이드,프랑스혁명 기념 군사 퍼레이드,https://www.parisinfo.com,07/14
Zythos Beer Festival,벨기에,루벤,4월,음식(맥주),대규모 벨기에맥주 축제,https://www.zbf.be,04/24 ~ 04/27 
Amsterdam Pride,네덜란드,암스테르담,8월,퍼레이드/성소수자,운하 퍼레이드 및 거리축제,https://pride.amsterdam,08/02 ~ 08/10 
Keukenhof Tulip Festival,네덜란드,리세,3월 4월 5월,꽃,세계 최대 튤립 정원축제,https://keukenhof.nl,03/15 ~ 05/10
Wacken Open Air,독일,와켄,8월,음악(메탈),세계 최대 메탈음악제,https://www.wacken.com,08/01 ~ 08/03
Fêtes de Bayonne,프랑스,바욘,7월 말,전통/퍼레이드,남프랑스 대표 민속축제,https://www.fetesdebayonne.fr,07/25 ~ 07/30 
Nice Jazz Festival,프랑스,니스,7월,음악(재즈),유럽 전통 재즈축제,https://www.nicejazzfestival.fr,07/10 ~ 07/15
Il Palio di Siena,이탈리아,시에나,7월 8월,경마/전통,중세 마을 경마경기,https://www.ilpalio.org,07/02 ~ 07/16
Battle of the Oranges,이탈리아,이브레아,2월,퍼레이드/음식,오렌지 던지기 전투축제,https://www.storicocarnevaleivrea.it,02/12 ~ 02/15
Sanremo Music Festival,이탈리아,산레모,2월,음악,이탈리아 대중가요 본선제,https://www.rai.it,02/06 ~ 02/10
Brussels Flower Carpet,벨기에,브뤼셀,8월,꽃/예술,그랑플라스 대형 꽃카펫 만들기,https://www.flowercarpet.be,08/14 ~ 08/17 
Fiestas de San Juan,스페인,알리칸테,6월,불/전통,중세 불 축제(소각 의식),https://www.hoguerasdealicante.com,06/23 ~ 06/30
Les Rencontres Trans Musicales,프랑스,렌느,12월,음악,혁신/신인음악 콘서트,https://www.lestrans.com,12/04 ~ 12/13 
Festival d’Avignon,프랑스,아비뇽,7월,연극/공연,유럽최고 연극제,https://festival-avignon.com,07/04 ~ 07/27
Christmas Markets,독일,뉘른베르크/전국,11월 12월,시장/크리스마스,유럽 겨울 대표축제,https://www.christkindlesmarkt.de,11/29 ~ 12/24 
Carnaval de Cádiz,스페인,카디스,2월 3월,퍼레이드/음악,스페인 남부 전통 카니발,https://www.cadiz.es,02/10 ~ 03/01
Bloemencorso Zundert,네덜란드,준데르트,9월,꽃/퍼레이드,대규모 꽃차 퍼레이드,https://www.corso-zundert.nl,09/14 ~ 09/18 
Feria de Abril,스페인,세비야,4월 5월,춤/음식,플라멩코·안달루시아 음식,https://www.visitasevilla.es,04/20 ~ 04/27
Copenhagen Jazz Festival,덴마크,코펜하겐,7월,음악(재즈),유럽 대표 재즈축제,https://jazz.dk,07/01 ~ 07/11 
Fiesta de la Mercè,스페인,바르셀로나,9월,전통/공연/불,인간탑 캐스텔+불꽃 퍼레이드,https://www.lamerce.barcelona,09/21 ~ 09/24 
Carnevale di Viareggio,이탈리아,비아레조,2월 3월,퍼레이드/가면,조형물 대형 퍼레이드,https://viareggio.ilcarnevale.com,02/15 ~ 03/05
Love Parade,독일,베를린,7월,음악/퍼레이드,일렉트로닉&테크노 거리파티,https://www.rave-the-planet.com,07/12
Semana Grande,스페인,빌바오,8월,전통/불꽃/놀,북스페인 대표 여름축제,https://www.bilbaoturismo.net,08/13 ~ 08/17 
St Gallen Open Air,스위스,장크트갈렌,6월,음악,알프스 대형 뮤직페스티벌,https://openairsg.ch,06/23 ~ 06/28
Gentse Feesten,벨기에,겐트,7월,전통/음악/거리축제,10일간 도심문화페스티벌,https://www.gentsefeesten.stad.gent,07/14 ~ 07/23
San Sebastian Day,스페인,산세바스티안,1월,전통/퍼레이드,북부타악 퍼레이드,https://www.sansebastianturismoa.eus,01/20
Menton Lemon Festival,프랑스,망통,2월 3월,음식/아트,레몬 조형장식 퍼레이드,https://www.fete-du-citron.com,02/20 ~ 03/05
Celtic Connections,영국,글래스고,1월 2월,음악(포크),필트족전통 음악축제,https://www.celticconnections.com,01/18 ~ 02/03
Carnival of Ivrea,이탈리아,이브레아,2월,음식/퍼레이드,오렌지 전투 퍼레이드,https://www.storicocarnevaleivrea.it,02/10 ~ 02/15
Stuttgart Beer Festival,독일,슈투트가르트,9월 10월,음식(맥주),전통 독일 맥주축제,https://www.cannstatter-volksfest.de,09/28 ~ 10/13 
Madrid Pride (MADO),스페인,마드리드,7월,성소수자/퍼레이드,스페인 최대 프라이드,https://www.madridorgullo.com,07/31
Jazz à Vienne,프랑스,비엔,6월 7월,음악(재즈),고대극장 대형 재즈공연,https://jazzavienne.com,06/29 ~ 07/14 
Il Carnevale di Ivrea,이탈리아,이브레아,2월,음식/퍼레이드,오렌지 전투 행사,https://www.storicocarnevaleivrea.it,02/10 ~ 02/15
Festival of Lights,독일,베를린,10월,등불/아트,도심 미디어맵핑&조명쇼,https://festival-of-lights.de,10/04 ~ 10/13 
Liverpool International Music Festival,영국,리버풀,7월,음악,UK 인기 음악문화 이벤트,https://www.limfestival.com,07/22 ~ 07/26 
Medieval Festival of Provins,프랑스,프로뱅,6월,전통/역사,중세분장·기사놀이 체험축제,https://www.provins.net,06/20 ~ 06/29 
Strasbourg Christmas Market,프랑스,스트라스부르,11월 12월,크리스마스/시장,유럽 최고령 크리스마스마켓,https://noel.strasbourg.eu,11/27 ~ 12/24 
Vilnius International Film Festival,리투아니아,빌뉴스,3월,영화,발트3국 대표 영화제,https://kinopavasaris.lt,03/15 ~ 03/22
Sibiu International Theatre Festival,루마니아,시비우,6월,연극/공연,동유럽 대표 연극제,https://www.sibfest.ro,06/16 ~ 06/24 
Art Basel,스위스,바젤,6월,미술/예술,세계 대표 미술시장/전시회,https://www.artbasel.com,06/12 ~ 06/15 
Carnival of Rijeka,크로아티아,리예카,2월,퍼레이드,중유럽 대표 가면축제,https://www.rijecki-karneval.hr,02/19 ~ 02/23
Tall Ships Races,노르웨이,베르겐,7월,항해/퍼레이드,대형 범선 경주,https://tallshipsbergen.no,07/05 ~ 07/11 
Zurich Film Festival,스위스,취리히,9월 10월,영화,스위스 대표 국제영화제,https://zff.com,09/24 ~ 10/03 
Bloomsday,아일랜드,더블린,6월,문학/축제,제임스조이스 기념문학제,https://jamesjoyce.ie/bloomsday,06/16
Fête du Citron,프랑스,망통,2월 3월,음식/아트,레몬 주제로 거대 조형축제,https://www.fete-du-citron.com,02/15 ~ 03/04
Pol’and’Rock Festival,폴란드,코스타진,8월,음악,자유로운 대형 록페스티벌,https://www.polandrockfestival.pl,08/02 ~ 08/05 
May Day,핀란드,전국,5월1일,퍼레이드/대중,핀란드 국민 노동절 파티,https://www.visitfinland.com,05/01
Festival Medieval de Briones,스페인,브리오네스,6월,역사/전통,중세 성곽마을 변신 역사축제,https://www.larioja.org,06/21
Festival of Giants (Fêtes des Géants),프랑스,도벡,6월 7월 8월 9월,퍼레이드/전통,거인을테마로한 거리 퍼레이드,https://www.lesfetedesgeants.fr,06/01 ~ 09/30 
Bilbao BBK Live,스페인,빌바오,7월,음악/페스티벌,인디‧일렉트로닉 대표 산악 뮤직페스티벌,https://www.bilbaobbklive.com,07/08 ~ 07/12 
Dekmantel Festival,네덜란드,암스테르담,8월,음악/테크노,언더그라운드 EDM/포레스트 스테이지,https://dekmantelfestival.com,08/14 ~ 08/17 
Way Out West,스웨덴,예테보리,8월,음악/환경,친환경적 대형 음악축제,https://www.wayoutwest.se,08/07 ~ 08/10
Let It Roll,체코,밀로비체,8월,음악/드럼앤베이스,세계 최대 DNB 페스티벌,https://letitroll.eu,08/25 ~ 08/30 
Brunch Electronik Festival,스페인,바르셀로나,8월,음악/환경,지속가능성 중심 EDM+커뮤니티,https://www.brunch-electronik.com,08/16 ~ 08/18 
Primavera Sound,스페인,바르셀로나,6월,음악/종합,글로벌 인디팝·록 페스티벌,https://www.primaverasound.com,06/04 ~ 06/08
Boom Festival,포르투갈,이다냐아노바,7월 8월,음악/예술,사이키델릭·웰빙·지속가능 문화,https://boomfestival.org,07/27 ~ 08/03
Mad Cool Festival,스페인,마드리드,7월,음악/종합,최신 팝·록·일렉트로닉 대형 축제,https://madcoolfestival.es,07/05 ~ 07/09 
Defqon.1 Festival,네덜란드,Biddinghuizen,6월,음악/하드스타일,하드댄스 메가페스티벌,https://www.defqon1.com,06/19 ~ 06/21
FIB Benicàssim,스페인,베니카심,7월,음악/롤‧일렉,지중해 해변 인디음악·일렉축제,https://fiberfib.com,07/16 ~ 07/19
Rock am Ring,독일,뉘르부르크,6월,음악/록,유럽 대표 록밴드 페스티벌,https://www.rock-am-ring.com,06/05 ~ 06/07
Superbloom Festival,독일,뮌헨,9월,음악/팝,오픈에어 최신 음반축제,https://www.superbloom.de,09/20 ~ 09/22 
NOS Alive,포르투갈,리스본,7월,음악/팝,팝록/대중음악 해변 무대,https://www.nosalive.com,07/10 ~ 07/13 
Arctic Arts Festival,노르웨이,하르스타드,6월,예술/공연,북유럽 예술·극장행사,https://festspillnn.no,06/17 ~ 06/22
Terra Madre Europe,벨기에,브뤼셀,6월,음식/농업,슬로우푸드·식문화 포럼,https://www.slowfood.com/events/terra-madre-europe/,06/20 ~ 06/24 
Abergavenny Food Festival,영국,아버게버니,9월,음식,영국 대표 미식·요리 체험,https://www.abergavennyfoodfestival.com,09/13 ~ 09/15 
Copenhagen Cooking & Food Festival,덴마크,코펜하겐,8월,음식/요리,북유럽 미식축제,https://copenhagencooking.com,08/03 ~ 08/10 
Onion Market (Zibelemärit),스위스,베른,11월,음식/시장,전통 양파축제,https://www.bern.com/en/news-events/major-events/onion-market,11/22
Smaka Good Food Festival,스웨덴,예테보리,6월,음식,스웨덴 대표 음식/미식축제,https://smakapalace.se,06/05 ~ 06/08
Europeade,유럽,순회,7월,전통/민속,유럽 최대 민속음악·댄스 대회,https://www.europeade.eu,07/12 ~ 07/20 
BBC Proms,영국,런던,7월 8월 9월,음악/클래식,세계 최대 클래식 음악제,https://www.bbc.co.uk/proms,07/18 ~ 09/13 
Athens Epidaurus Festival,그리스,아테네,6월 7월 8월,예술/연극,고대극장 연극/오페라,https://aefestival.gr,06/20 ~ 08/12 
Bartók Spring International Arts Weeks,헝가리,부다페스트,3월,예술/음악/공연,바르톡 헌정 음악·예술행사,https://bartokfest.hu,03/15 ~ 03/25
Festival Castell de Peralada,스페인,페랄라다,7월 8월,음악/발레/오페라,성곽무대 음악예술제,https://www.festivalperalada.com,07/15 ~ 08/01
Linz Ars Electronica Festival,오스트리아,린츠,9월,예술/테크,미디어아트/기술 중심 아트페스티벌,https://ars.electronica.art,09/03 ~ 09/07 
Locarno Film Festival,스위스,로카르노,8월,영화,유럽권 대표 영화제,https://www.locarnofestival.ch,08/07 ~ 08/17 
Sibiu International Theatre Festival,루마니아,시비우,6월,공연/연극,동유럽 대표 연극/퍼포먼스 대표,https://www.sibfest.ro,06/15 ~ 06/25 
Festival of Giants (Fêtes des Géants),프랑스,도벡,6월 7월 8월 9월,퍼레이드/전통,거인을테마로한 거리 퍼레이드,https://www.lesfetedesgeants.fr,06/30 ~ 09/23 
Krakow Film Festival,폴란드,크라쿠프,5월 6월,영화,동유럽 오래된 다큐/단편영화제,https://www.krakowfilmfestival.pl,05/25 ~ 06/02
Fiesta de San Isidro,스페인,마드리드,5월,전통,마드리드 수호성인 기리는 대축제,https://www.madrid.es,05/10 ~ 05/15
Eurosonic Noorderslag,네덜란드,흐로닝언,1월,음악,유럽 신인·인디 록 쇼케이스,https://www.eurosonic-noorderslag.nl,01/14 ~ 01/17
Bregenzer Festspiele,오스트리아,브레겐츠,7월 8월,오페라/클래식,호수 수상무대 오페라,https://bregenzerfestspiele.com,07/17 ~ 08/23 
Lisb-ON Jardim Sonoro,포르투갈,리스본,9월,음악(일렉),야외 EDM·가든파티,https://www.jardimsonoro.pt,09/10 ~ 09/12 
WOMEX (Worldwide Music Expo),유럽 순회,도시,10월,월드뮤직,음악컨퍼+아티스트 쇼케이스,https://www.womex.com,10/23 ~ 10/27 
Festival de Cornouaille,프랑스,캥페르,7월,전통/음악,브르타뉴 켈트음악+전통춤,https://www.festival-cornouaille.bzh,07/10 ~ 07/19 
Horsens Medieval Festival,덴마크,호르센스,8월,역사/중세,유럽 최대 중세재연 축제,https://www.middelalderfestival.dk,08/05 ~ 08/10 
Malmö Festival,스웨덴,말뫼,8월,종합,음식‧음악‧아트 종합도시축제,https://www.malmofestivalen.se,08/07 ~ 08/13 
Tallinn Old Town Days,에스토니아,탈린,6월,전통/역사,중세 옛도시 테마 반환행사,https://vanalinnapaevad.ee,06/12 ~ 06/16 
Aalborg Carnival,덴마크,올보르,5월,퍼레이드,북유럽 최대 카니발 퍼레이드,https://www.aalborgkarneval.dk,05/24 ~ 05/26
London Film Festival,영국,런던,10월,영화,영국 대표 국제영화제,https://whatson.bfi.org.uk/lff,10/09 ~ 10/20 
Hamburg DOM,독일,함부르크,3월,놀이/축제,대형 독일 놀이공원형 축제,https://www.hamburg.com/dom,03/14 ~ 03/30 
Festival Internacional Cervantino,스페인,알칼라데에나레스,10월,문화/문학,스페인 대표 문학예술축제,https://cervantesvirtual.com,10/10 ~ 10/20 
Brno Day of Brno,체코,브르노,8월,역사/불꽃,도시방어 승리 기념 불꽃행사,https://www.ticbrno.cz,08/02 ~ 08/06
Busójárás,헝가리,모하츠,2월,전통/가면,마귀가면 퍼레이드 흉내내기,https://busojaras.hu,02/10 ~ 02/12
INmusic Festival,크로아티아,자그레브,6월,음악/록,크로아티아 대표 야외음악제,https://www.inmusicfestival.com,06/23 ~ 06/28
Ultra Europe,크로아티아,스플리트,7월,음악(EDM),세계적 전자음악 페스티벌,https://ultraeurope.com,07/11 ~ 07/15 
Dimensions Festival,크로아티아,티스노,8월,음악/일렉트로닉,언더그라운드 댄스 음악,https://www.dimensionsfestival.com,08/20 ~ 08/25 
Outlook Festival,크로아티아,티스노,7월,음악/베이스,베이스·사운드 시스템 중심 축제,https://outlookfestival.com,07/15 ~ 07/18 
Hideout Festival,크로아티아,즈르체,6월,음악/EDM,해변 EDM 파티,https://www.hideoutfestival.com,06/25 ~ 06/30 
Positivus Festival,라트비아,리가,7월,음악/인디,발트 3국 대표 음악제,https://positivusfestival.com,07/19 ~ 07/22 
Release Athens Festival,그리스,아테네,6월 7월,음악/종합,도심 속 글로벌 팝·록,https://releaseathens.gr,06/18 ~ 07/02 
Ejekt Festival,그리스,아테네,7월,음악/록,록·일렉트로닉 글로벌 페스티벌,https://ejekt.gr,07/21 ~ 07/24 
Vinterjazz,덴마크,코펜하겐,2월,음악/재즈,연초 600+공연 대형 재즈축제,https://jazz.dk/vinterjazz,02/05 ~ 02/14
Nature One,독일,카스텔라운,8월,음악/EDM,독일 최장수 일렉트로닉 메가페스티벌,https://www.nature-one.de,08/05 ~ 08/09 
Summer Breeze Open Air,독일,비텔숲,8월,음악/메탈,헤비메탈 메가공연,https://www.summer-breeze.de,08/13 ~ 08/17 
Blockfest,핀란드,탐페레,8월,음악/힙합,북유럽 힙합 중심,https://www.blockfest.fi,08/08 ~ 08/11 
Weekend Festival,핀란드,에스포,8월,음악/EDM,북유럽 대형 일렉트로닉,https://www.weekendfestival.fi,08/01 ~ 08/03 
Belsonic,영국,벨파스트,6월 7월,음악/팝,북아일랜드 대형 야외공연,https://www.belsonic.com,06/15 ~ 06/18 
Monte-Carlo Summer Festival,모나코,모나코,7월 8월,음악/팝,뤼스타 쇼+팝 공연,https://www.montecarlosbm.com/en/shows,07/09 ~ 07/14
Mystic Festival,폴란드,그단스크,6월,음악/록,동유럽 최대 메탈·하드록,https://www.mysticfestival.pl,06/17 ~ 06/20
Orange Warsaw Festival,폴란드,바르샤바,5월 6월,음악/팝,상반기 대규모 국제음악제,https://orangewarsawfestival.pl,05/14 ~ 05/18
Open’er Festival,폴란드,그디니아,7월,음악/팝록,동유럽 대형 뮤직페스티벌,https://opener.pl,07/09 ~ 07/12
Glitch Festival,몰타,라밧,8월,음악/EDM,지중해 EDM 특화축제,https://www.glitchfestival.com,08/12 ~ 08/15 
Ruisrock,핀란드,투르쿠,7월,음악/팝,100년 역사의 락·팝 페스티벌,https://www.ruisrock.fi,07/15 ~ 07/18 
Balaton Sound,헝가리,자마르디,7월,음악/EDM,호수 변 EDM 파티,https://balatonsound.com,07/10 ~ 07/14
Ozora Festival,헝가리,오조라,7월 8월,음악/트랜스,정신·사이키델릭 음악,https://ozorafestival.eu,07/31 ~ 08/04 
Paléo Festival,스위스,니옹,7월,음악/종합,스위스 최대 팝·월드뮤직,https://yeah.paleo.ch,07/31 ~ 08/05
Kaustinen Folk Music Festival,핀란드,카오스티넨,7월,음악/포크,북유럽 전통 포크 뮤직 중심,https://kaustinen.net,07/10 ~ 07/14
Flow Festival,핀란드,헬싱키,8월,음악/일렉·아트,도심형 음악아트융합,https://www.flowfestival.com,08/13 ~ 08/17 
Roskilde Festival,덴마크,로스킬데,6월 7월,음악/대중,북유럽 최대 뮤직&아트,https://www.roskilde-festival.dk,06/29 ~ 07/06
Donauinselfest,오스트리아,빈,6월,음악/종합,도심 강변 무료 대중 음악제,https://donauinselfest.at,06/20 ~ 06/22
Electric Castle,루마니아,클루지,7월,음악/종합,유서 깊은 성 주변 대형 페스티벌,https://electriccastle.ro,07/05 ~ 07/09
Colours of Ostrava,체코,오스트라바,7월,음악/월드,광산산업 유산 공간 대형 음악제,https://www.colours.cz,07/11 ~ 07/15
WOMAD Cáceres,스페인,카세레스,5월,음악/월드뮤직,월드뮤직 오픈에어 글로벌 축제,https://womadcaceres.es,05/18 ~ 05/22
Kaunas Jazz Festival,리투아니아,카우나스,4월,음악/재즈,발트3국 최고 유서 재즈제,https://kaunasjazz.lt,04/15 ~ 04/19
Sevilla Feria de Abril,스페인,세비야,4월,음식/춤,안달루시아 대표 봄 춤·탭퍼시타,https://www.visitasevilla.es/feria-abril,04/15 ~ 04/21
Festival d’Aix-en-Provence,프랑스,엑상프로방스,6월 7월,오페라/클래식,야외 성악·오페라 무대,https://festival-aix.com,06/25 ~ 07/03
Festival de Cornouaille,프랑스,캥페르,7월,전통/음악,브르타뉴 특별 전통음악/춤,https://www.festival-cornouaille.bzh,07/08 ~ 07/15
Festival Interceltique de Lorient,프랑스,로리앙,8월,음악/셀틱,유럽 최대 켈트음악축제,https://www.festival-interceltique.bzh,08/13 ~ 08/17 
Edinburgh International Book Festival,영국,에든버러,8월,문학,세계 유명 문학인 초청 북페어,https://www.edbookfest.co.uk,08/10 ~ 08/15 
Storsjöyran,스웨덴,외스테르순드,7월,음악/축제,스웨덴 전통 도심외락,https://www.storsjoyran.se,07/14 ~ 07/17
Feria de Santiago,스페인,산티아고 데 콤포스텔라,7월,전통,스페인 북서부 대규모 페스티벌,https://www.santiagoturismo.com,07/20 ~ 07/24
Vilnius International Film Festival,리투아니아,빌뉴스,3월 4월,영화,최대 발트 영화제,https://kinopavasaris.lt,03/20 ~ 03/25
Locarno Film Festival,스위스,로카르노,8월,영화,세계 3대 야외 영화제,https://www.locarnofestival.ch,08/10 ~ 08/15 
Bergen International Festival,노르웨이,베르겐,5월 6월,예술/클래식,노르딕 대표 종합 예술축제,https://fib.no,06/01 ~ 06/07
Benicàssim Festival (FIB),스페인,베니카심,7월,음악/록,지중해 해변 록/팝 뮤직제,https://fiberfib.com,07/12 ~ 07/16
Festival Oude Muziek Utrecht,네덜란드,위트레흐트,8월 9월,클래식/고음악,고음악 명가공연,https://oudemuziek.nl,08/21 ~ 08/25 
International Galway Arts Festival,아일랜드,골웨이,7월,아트/음악/퍼레이드,예술과 도시축제 융합,https://www.giaf.ie,07/18 ~ 07/22
Festival della Valle d’Itria,이탈리아,마르티나 프란카,7월,오페라/고전,젊은 아티스트 발굴,https://www.festivaldellavalleditria.it,07/15 ~ 07/20
Finnish Air Guitar Championships,핀란드,올루,8월,이색/경연,에어기타 유럽대표 대회,https://www.airguitarworldchampionships.com,08/15 
St. Gallen OpenAir,스위스,장크트갈렌,6월,음악/야외,알프스 배경 오픈에어 페스티벌,https://openairsg.ch,06/21 ~ 06/25
Festes de la Mercè,스페인,바르셀로나,9월,전통/퍼레이드,불꽃/인간탑 가을피에스타,https://www.festival-interceltique.bzh,09/21 ~ 09/24 
Boomtown Fair,영국,윈체스터,8월,음악/테마파크,이색 스토리텔링 뮤직타운,https://www.boomtownfair.co.uk,08/16 ~ 08/20 
Manchester International Festival,영국,맨체스터,7월,예술/뮤직/전시,최신 예술&뮤직 융합 국제제,https://mif.co.uk,07/20 ~ 07/24
Sea Dance Festival,몬테네그로,부드바,8월,음악/EDM,아드리아해 해변 일렉트로닉,https://www.seadancefestival.me,08/15 ~ 08/19 
North Sea Jazz Festival,네덜란드,로테르담,7월,음악/재즈,유럽 최대 재즈페스티벌,https://www.northseajazz.com,07/10 ~ 07/14
ABBA The Museum Festival,스웨덴,스톡홀름,5월,팝/테마,ABBA 헌정 음악 행사,https://abbathemuseum.com,05/10 
Soundwave Festival,크로아티아,티스노,7월,음악/재즈/힙합,지중해 해변 이색 소규모 음악제,https://soundwavecroatia.com,07/19 ~ 07/23
Marseille Jazz des Cinq Continents,프랑스,마르세유,7월,음악/재즈,세계 5대륙 재즈 초청제,https://www.marseillejazz.com,07/15 ~ 07/20
Metaldays,슬로베니아,톨민,7월,음악/메탈,슬로베니아 대표 멀티데이 헤비메탈축제,https://www.metaldays.net,07/12 ~ 07/16
Fêtes de Genève,스위스,제네바,8월,음악/불꽃/놀이,도심 호수 특대 불꽃놀이/체험,https://geneve.com,08/18 ~ 08/22 
Festival Jazz à Juan,프랑스,쥐앙 르 팽,7월,음악(재즈),해변 재즈의 유서 깊은 페스티벌,https://www.jazzajuan.com,07/24 ~ 07/28
Festival Jardins de Pedralbes,스페인,바르셀로나,6월 7월,음악/공연,도심궁전 야외음악제,https://www.festivalpedralbes.com,06/25 ~ 06/29 
Mysteryland,네덜란드,하르드후이크,8월,음악(EDM),유럽 최초 EDM 페스티벌,https://www.mysteryland.nl,08/17 ~ 08/21 
Jazz in Marciac,프랑스,마르시아크,7월 8월,음악/재즈,프라방스 명성의 아웃도어 재즈제,https://www.jazzinmarciac.com,07/25 ~ 07/29
Artisti in Piazza,이탈리아,페넬로,6월,거리예술/퍼포먼스,마을 전체 거리 퍼포먼스,https://www.artistiinpiazza.com,06/20 ~ 06/24 
Festival Internacional de Santander,스페인,산탄데르,8월,클래식/종합,스페인 북부 대표 종합예술제,https://festivalsantander.com,08/09 ~ 08/13 
Festival of Lights Lyon,프랑스,리옹,12월,라이트/디지털아트,라이트쇼 역동적 경관 축제,https://www.fetedeslumieres.lyon.fr,12/06 ~ 12/10 
Electric Picnic,아일랜드,스트라덤,8월 9월,음악/예술/종합,글로벌 뮤직&예술 융합 야외,https://www.electricpicnic.ie,08/21 ~ 08/26 
Solar Weekend Festival,네덜란드,로어뤼크,8월,음악/아트/체험,DIY+음악+아트 융합,https://solarweekend.com,08/23 ~ 08/27 
Rimini Wellness,이탈리아,리미니,6월,건강/피트니스,유럽 최대 피트니스 박람회,https://www.riminiwellness.com,06/21 ~ 06/24 
Jazzkaar,에스토니아,탈린,4월,음악/재즈,북유럽 재즈/월드뮤직,https://jazzkaar.ee,04/10 ~ 04/14
Rockwave Festival,그리스,아테네,6월 7월,음악/록,남동유럽 록·팝 야외공연,https://www.rockwavefestival.gr,06/28 ~ 07/02 
Festival Les Suds à Arles,프랑스,아를,7월,월드뮤직/춤,남프랑스-아프리카 박람회,https://www.suds-arles.com,07/20 ~ 07/24 
No Sleep Festival,세르비아,베오그라드,11월,EDM/나이트라이프,유럽 신흥 나이트컬처,https://www.nosleepfestival.com,11/12 ~ 11/16 
Festival Internacional de Música de Canarias,스페인,카나리아제도,1월 2월,클래식/현대음악,해넘이 남국 음악제,https://www.icdcultural.org,01/18 ~ 02/02
Montreux Comedy Festival,스위스,몽트뢰,11월,코미디/공연,유럽 최대 코미디쇼,https://www.montreuxcomedy.com,11/20 ~ 11/24 
Sevilla Bienal de Flamenco,스페인,세비야,9월 10월,전통/무용,세계 최고 플라멩코 무용제,https://www.labienal.com,09/25 ~ 10/02 
Black Sea Jazz Festival,조지아,바투미,8월,음악/재즈,흑해 리조트 재즈·팝 등,https://blackseajazzfestival.com,08/22 ~ 08/26 
Klarafestival,벨기에,브뤼셀,3월,클래식/재즈,혁신오케스트라/크로스오버제,https://www.klarafestival.be,03/15 ~ 03/19
Festival Internacional de Benicàssim,스페인,베니카심,7월,음악/인디,인디+일렉 대표 해변음악제,https://fiberfib.com,07/20 ~ 07/24 
Paredes de Coura Festival,포르투갈,파레데스,8월,음악/록,자연 속 독립록 페스티벌,https://www.paredesdecoura.com,08/15 ~ 08/20 
Kalamata International Dance Festival,그리스,칼라마타,7월,무용/현대,지중해 현대댄스 대표제,https://www.kalamatadancefestival.gr,07/22 ~ 07/26 
Settimana Mozartiana,이탈리아,키에티,7월,클래식/모차르트,모차르트 헌정 도시축제,https://www.settimanamozartiana.it,07/10 ~ 07/14
Jazz à Sète,프랑스,세트,7월,음악/재즈,서남프랑스 항구도시 재즈제,https://www.jazzasete.com,07/13 ~ 07/17
Spraoi International Street Arts Festival,아일랜드,워터포드,8월,거리/퍼포먼스,무료 거리 퍼포먼스,https://www.spraoi.com,08/10 ~ 08/14 
Festival de Cornouaille,프랑스,캥페르,7월,전통/타악,브르타뉴 전통 음악‧춤,https://www.festival-cornouaille.bzh,07/12 ~ 07/16
Bravalla Festival,스웨덴,뉘셰핑,6월,음악/록·팝,스웨덴 종합 야외음악제,https://www.bravallafestival.se,06/20 ~ 06/24
Mandrea Music Festival,이탈리아,라이고,7월 8월,음악/야외,이탈리아 북부 자연 속 음악제,https://www.mandreamusicfestival.com,07/18 ~ 07/23
Festival du Bout du Monde,프랑스,크로종,8월,월드뮤직,대서양변 세계음악 제전,https://www.festivalduboutdumonde.com,08/13 ~ 08/18 
Afro Nation,가나/남아공/포르투갈,아크라/케이프타운/리스본,7월 8월,음악(아프리카/댄스홀),아프리카 디아스포라 음악과 문화 축제,https://www.afronation.com,08/17 ~ 08/21 
Cape Town Minstrel Carnival,남아프리카공화국,케이프타운,1월,퍼레이드/문화,케이프 멀리트 문화 퍼레이드,https://www.capetown.travel/events/cape-town-minstrel-carnival,01/25
Festival au Désert,말리,틴토우,1월,음악/전통,사하라 사막 전통 음악과 문화 축제,https://www.festivalau-desert.org,01/15 ~ 01/20
Calabar Carnival,나이지리아,칼라바,12월,퍼레이드/문화,서아프리카 최대 카니발 축제,https://www.calabarcarnival.org,12/01 ~ 12/05
Lake of Stars Festival,말라위,말라위 호숫가,9월,음악/문화,말라위 호수변 국제 음악 축제,https://lakeofstars.org,09/10 ~ 09/15 
Mombasa Carnival,케냐,몸바사,11월,퍼레이드/문화,다양한 전통과 현대 문화가 융합된 축제,https://www.mombasacarnival.co.ke,11/07 ~ 11/12 
Harare International Festival of the Arts (HIFA),짐바브웨,하라레,4월,예술/음악,아프리카 연극과 음악 종합 축제,https://www.hifa.co.zw,04/20 ~ 04/26
Moroko Music Festival,남아프리카공화국,요하네스버그,10월,음악,남아프리카 신진 뮤지션 중심 대형 음악제,https://morokomusicfestival.co.za,10/10 ~ 10/14 
Durban July,남아프리카공화국,더반,7월,경마/패션,남아프리카 최대 경마 및 패션 행사,https://durbanjuly.co.za,07/19
Timkat Festival,에티오피아,교외,1월,종교,에티오피아 정교회 부활절 축제,https://www.sacred-destinations.com/ethiopia/timkat,01/19
National Arts Festival,남아프리카공화국,그라프라이넷,6월 7월,예술/공연,아프리카 최대 예술 페스티벌,https://www.nationalartsfestival.co.za,06/15 ~ 06/22
FESPACO (Panafrican Film and Television Festival of Ouagadougou),부르키나파소,와가두구,2월,영화,아프리카 최대 영화 페스티벌,https://www.fespaco.bf,02/20 ~ 02/25
Festival International de Jazz de Saint-Louis,세네갈,생루이,5월,음악(재즈),항구 도시 재즈 음악 축제,https://jazzsaintlouis.com,05/14 ~ 05/18
Sauti za Busara,탄자니아,잔지바르,2월,음악,동아프리카 전통·현대 음악 축제,https://www.busaramusic.org,02/10 ~ 02/14
Essaouira Gnawa and World Music Festival,모로코,에사우이라,6월,음악,그나와 전통 및 월드뮤직 축제,https://www.festivalessaouira.ma,06/15 ~ 06/20
Lamu Cultural Festival,케냐,라무,11월,전통/문화,스와힐리 문화 기념 및 전통 축제,https://www.lamu.go.ke,11/10 ~ 11/15 
Zanzibar International Film Festival,탄자니아,잔지바르,7월,영화/문화,동아프리카 최대 영화 및 문화 축제,https://www.ziff.or.tz,07/11 ~ 07/15
Gnaoua World Music Festival,모로코,에사우이라,6월,음악/전통,모로코 전통음악과 국제 음악의 만남,https://www.festivalessaouira.ma,06/18 ~ 06/22
Festival of the Dhow Countries Music,탄자니아,잔지바르,7월,음악,인도양 지역 음악 교류 축제,https://www.ziff.or.tz,07/14 ~ 07/18
Coura Festival (Festival International de Jazz de Saint-Louis),세네갈,생루이,5월,재즈/음악,서아프리카 대표 재즈 축제,https://www.jazzsaintlouis.com,05/20 ~ 05/24
Chale Wote Street Art Festival,가나,아크라,8월,예술/문화,스트리트 아트와 공연 예술 축제,https://chalewote.com,08/23 ~ 08/28 
Fes Festival of World Sacred Music,모로코,페스,5월 6월,음악/종교,세계 다양한 신성 음악 축제,https://fesfestival.com,06/05 ~ 06/10
Marathon des Sables,모로코,사하라 사막,4월,스포츠,세계 최악의 극한 마라톤 대회,https://www.marathondessables.com,04/10 ~ 04/16
Soweto Wine Festival,남아프리카공화국,소웨토,10월,음식/음악,와인 테이스팅 및 음악 축제,https://www.sowetowinefestival.com,10/12 ~ 10/16 
Dumela Festival,보츠와나,가보로네,9월,음악/문화,현대 및 전통 음악 축제,https://www.dumelafestival.com,09/20 ~ 09/24 
Ouidah Voodoo Festival,베냉,우이다,1월,종교/문화,전통 부두 교 문화 축제,https://www.voodoofestival.bj,01/15 ~ 01/20
Kwahu Easter Festival,가나,쿠후,4월,전통/축제,가나 최대 부활절 축제,https://ghanakwahu.com,04/13 ~ 04/17
Mawazine,모로코,라바트,5월,음악,아프리카 최대 음악 축제 중 하나,https://www.mawazine.ma,05/17 ~ 05/21
Festival Panafricain de la Musique (FESPAM),콩고민주공화국,킨샤사,7월,음악/문화,중앙 아프리카 음악 축제,https://www.fespamrdc.org,07/14 ~ 07/18
Eyo Festival,나이지리아,라고스,5월,전통,요루바족 전통 의식,https://www.visitlagos.state.ng,05/25
Ashanti Yam Festival,가나,쿰시,8월,전통/농업,아샨티족 수확 감사 축제,https://www.ghanayamfestival.com,08/17 ~ 08/21 
Chale Wote Festival,가나,아크라,8월,예술/김문화,스트리트 아트·퍼포먼스 축제,https://chalewote.com,08/22 ~ 08/25 
Johannesburg International Mozart Festival,남아프리카공화국,요하네스버그,11월,음악/클래식,한 해의 마지막 대형 클래식 축제,https://www.johmozart.co.za,11/18 ~ 11/22 
African Fashion Week,나이지리아,라고스,10월,패션/문화,아프리카 최대 패션 위크 행사,https://www.africanfashionweek.com,10/22 ~ 10/26 
Burning Man,미국,네바다(블랙록시티),8월 9월,예술/커뮤니티,사막 임시도시 대형 예술 퍼포먼스,https://burningman.org,08/25 ~ 09/02 
Sundance Film Festival,미국,유타(파크시티),1월 2월,영화,세계 최대 독립영화제,https://festival.sundance.org,01/22 ~ 02/01
Coachella Valley Music and Arts Festival,미국,캘리포니아(인디오),4월,음악/예술,세계적 야외 음악&아트 페스티벌,https://coachella.com,04/11 ~ 04/20
South by Southwest (SXSW),미국,텍사스(오스틴),3월,음악/영화/기술,미디어·음악·테크 융합 대형 컨퍼런스,https://www.sxsw.com,03/07 ~ 03/16
New Orleans Mardi Gras,미국,루이지애나(뉴올리언스),2월 3월,퍼레이드/문화,미국 최대 카니발 퍼레이드,https://www.mardigrasneworleans.com,02/25 ~ 03/04
Albuquerque International Balloon Fiesta,미국,뉴멕시코(앨버커키),10월,불꽃/야외,세계 최대 열기구 축제,https://balloonfiesta.com,10/04 ~ 10/12 
Jazz & Heritage Festival,미국,루이지애나(뉴올리언스),4월 5월,음악/문화,재즈·블루스·가스펠 등 미국 음악축제,https://www.nojazzfest.com,04/25 ~ 05/04
Electric Daisy Carnival (EDC),미국,네바다(라스베이거스),5월,음악(EDM),북미 최대 일렉트로닉 페스티벌,https://lasvegas.electricdaisycarnival.com,05/16 ~ 05/18
Austin City Limits Music Festival,미국,텍사스(오스틴),10월,음악,야외 대형 뮤직페스티벌,https://www.aclfestival.com,10/03 ~ 10/12 
Lollapalooza,미국,일리노이(시카고),8월,음악,글로벌 대형 록/팝 음악제,https://www.lollapalooza.com,08/07 ~ 08/10 
Stagecoach Festival,미국,캘리포니아(인디오),4월,음악(컨트리),미국 대표 컨트리 뮤직페스티벌,https://stagecoachfestival.com,04/25 ~ 04/27
Monterey Jazz Festival,미국,캘리포니아(몬터레이),9월,음악(재즈),세계 최장수 재즈 페스티벌,https://montereyjazzfestival.org,09/19 ~ 09/21 
Road to Ultra,미국,마이애미,3월,음악(EDM),국제적 일렉트로닉 뮤직페스티벌,https://ultramusicfestival.com,03/28
Boston Calling Music Festival,미국,매사추세츠(보스턴),5월,음악,대도시 인디‧록 뮤직,https://bostoncalling.com,05/23 ~ 05/25
Newport Folk Festival,미국,로드아일랜드(뉴포트),7월,음악/포크,포크음악 역사적 야외 뮤직제,https://www.newportfolk.org,07/25 ~ 07/27
Macy’s Thanksgiving Day Parade,미국,뉴욕,11월,퍼레이드,전통적 미국 추수감사절 대형 퍼레이드,https://www.macys.com/parade,11/27 
Essence Festival,미국,루이지애나(뉴올리언스),7월,음악/문화,아프리칸아메리칸 음악·문화제,https://www.essence.com,07/03 ~ 07/06
National Cherry Blossom Festival,미국,워싱턴DC,3월 4월,꽃/문화,벚꽃놀이와 퍼레이드,https://nationalcherryblossomfestival.org,03/20 ~ 04/13
Comic-Con International,미국,캘리포니아(샌디에이고),7월,문화/만화,북미 최대 팝컬처 컨벤션,https://www.comic-con.org,07/24 ~ 07/27
Tribeca Film Festival,미국,뉴욕,6월,영화,국제 독립영화 상영회,https://tribecafilm.com,06/04 ~ 06/15
CMA Music Festival,미국,테네시(내슈빌),6월,음악(컨트리),컨트리 음악계 대형 페스티벌,https://cmafest.com,06/05 ~ 06/08
Governors Ball Music Festival,미국,뉴욕,6월,음악,뉴욕 대표 종합 뮤직페스티벌,https://www.governorsballmusicfestival.com,06/06 ~ 06/08
Outside Lands Music and Arts Festival,미국,캘리포니아(샌프란시스코),8월,음악/음식/아트,도시 대형 복합 예술제,https://sfoutsidelands.com,08/08 ~ 08/10 
BottleRock Napa Valley,미국,캘리포니아(나파),5월,음악/음식,미식+뮤직 페스티벌,https://www.bottlerocknapavalley.com,05/23 ~ 05/25
Winter Carnival (Carnaval de Québec),캐나다,퀘벡시티,2월,전통/겨울,북미 최대 겨울축제,https://carnaval.qc.ca,02/07 ~ 02/16
Canadian National Exhibition (CNE),캐나다,토론토,8월 9월,전통/놀이,캐나다 최대 놀이+농업 박람회,https://www.theex.com,08/15 ~ 09/01 
Montreal International Jazz Festival,캐나다,몬트리올,6월 7월,음악,세계 최대 재즈페스티벌,https://www.montrealjazzfest.com,06/26 ~ 07/06
Calgary Stampede,캐나다,캘거리,7월,전통(로데오)/퍼레이드,캐나다 대표 로데오 대회/퍼레이드,https://www.calgarystampede.com,07/04 ~ 07/13
Celebration of Light,캐나다,밴쿠버,7월 8월,불꽃놀이,국제 불꽃놀이 대회,https://hondacelebrationoflight.com,07/26 ~ 08/02
Ottawa Bluesfest,캐나다,오타와,7월,음악(블루스/팝),오타와 대표음악제,https://ottawabluesfest.ca,07/04 ~ 07/14
Toronto Caribbean Carnival (Caribana),캐나다,토론토,7월 8월,퍼레이드/문화,카리브해 문화 대퍼레이드,https://www.torontocarnival.ca,07/05 ~ 08/04
Sooke Fine Arts Show,캐나다,브리티시컬럼비아(수크),7월 8월,예술/전시,서캐나다 최대 현대 미술제,https://sookefinearts.com,07/26 ~ 08/04
Just for Laughs Festival,캐나다,몬트리올,7월,코미디,세계 최대 코미디 페스티벌,https://www.hahaha.com,07/11 ~ 07/28
Reggae Sumfest,자메이카,몬테고베이,7월,음악(레게),전세계 레게 음악 본고장,https://reggaesumfest.com,07/14 ~ 07/20
Carnaval de Veracruz,멕시코,베라크루스,2월 3월,카니발/퍼레이드,멕시코 최대 카니발 퍼레이드,https://carnavalveracruz.com.mx,02/26 ~ 03/04
Guelaguetza Festival,멕시코,오악사카,7월,전통/민속,멕시코 원주민 문화대표,https://www.guelaguetzaoficial.com,07/21 ~ 07/28
Festival Internacional de Cine de Guanajuato,멕시코,과나후아토,7월,영화,멕시코 대표 국제영화제,https://www.giff.mx,07/18 ~ 07/27
Day of the Dead Festival (Día de Muertos),멕시코,전국,10월 11월,전통/문화,죽은 자의 날 기념행사,https://visitmexico.com/en/main-destinations/dia-de-muertos,10/31 ~ 11/02 
Cervantino Festival,멕시코,과나후아토,10월,예술/음악,라틴 아메리카 최대 예술제,https://festivalcervantino.gob.mx,10/09 ~ 10/27 
Fiestas de Octubre,멕시코,과달라하라,10월,전통/음식/공연,멕시코 대표 종합축제,https://fiestasdeoctubre.mx,10/01 ~ 10/27 
International Mariachi & Charrería Festival,멕시코,과달라하라,8월,음악/전통,마리아치·말타기 대회,https://www.mariachi-jalisco.com.mx,08/23 ~ 09/01 
Rio Carnival,브라질,리우데자네이루,2월 3월,퍼레이드/음악,세계 최대 삼바 카니발,https://riotur.rio,03/01 ~ 03/09
Inti Raymi,페루,쿠스코,6월,전통,잉카 태양제,https://www.intiraymiperu.com,06/24
Carnaval de Oruro,볼리비아,오루로,2월 3월,전통/퍼레이드,볼리비아 최대 카니발,https://www.carnavaldeoruro.bo,02/22 ~ 03/02
Festival de la Vendimia,아르헨티나,멘도사,3월,와인/문화,포도 수확 축제,https://vendimia.mendoza.gov.ar,03/01 ~ 03/10
Fiesta Nacional del Sol,아르헨티나,산후안,2월,태양/문화,지역 최대 문화 축제,https://sol.sanjuan.gov.ar,02/18 ~ 02/24
Festival de Baradero,아르헨티나,바라데로,1월,음악,전국적 유명 음악 축제,https://www.baradero.gob.ar,01/16 ~ 01/19
Festival Internacional de Jazz de Havana,쿠바,아바나,12월,음악(재즈),카리브 재즈 음악 축제,https://www.havanajazzfestival.com,12/14 ~ 12/22 
Festival Vallenato,콜롬비아,발레두파르,4월,음악/전통,콜롬비아 국민 음악 축제,https://www.festivalvallenato.com,04/26 ~ 04/30
Salvador Carnival,브라질,살바도르,2월,퍼레이드/음악,브라질 독특 아프로-가우초 카니발,https://carnavaltur.salvador.ba.gov.br,02/28 ~ 03/05
Festival Internacional de Tango,아르헨티나,부에노스아이레스,8월,음악/춤,세계 최대 탱고 축제,https://festivales.buenosaires.gob.ar,08/15 ~ 09/01 
Festa Junina,브라질,전국,6월,전통/음악,민속 음악과 농촌 풍습 축제,https://www.brazil.travel,06/01 ~ 06/30
Fiesta de San Juan,페루,리마,6월,종교/전통,물 축제 및 전통 의식,https://www.peru.travel,06/24
Festival Nacional de Folklore,아르헨티나,코르도바,2월,전통/음악,국가 민속 축제,https://www.folkloretrukul.com,02/01 ~ 02/09
Festival de la Cultura Afro,콜롬비아,산타마르타,5월,문화/음악,아프로콜롬비아 문화 축제,https://www.culturafestivals.com,05/10 ~ 05/15
Festival del Chocolate,에콰도르,키토,5월,음식/문화,초콜릿 축제 및 전시,https://www.ecuador.travel,05/20 ~ 05/24
Festival de la Patria Vieja,우루과이,몬테비데오,8월,문화/전통,국가 역사 기념 축제,https://www.gub.uy,08/23 ~ 08/30 
Carnaval de Negros y Blancos,콜롬비아,파스토,1월,퍼레이드/문화,문화 다양성 기념 대형 카니발,https://www.colombia.travel,01/02 ~ 01/07
Corpus Christi,페루,쿠스코,6월,종교/전통,잉카와 가톨릭 융합 축제,https://www.peru.travel,06/19
Festival Nacional de la Cumbia,콜롬비아,코르도바,3월,음악,민속 음악 중심 축제,https://www.cumbianacional.com,03/15 ~ 03/20
Festival del Rio,베네수엘라,카라카스,7월,문화/음악,음악과 공연 예술 축제,https://www.inparques.gob.ve,07/08 ~ 07/14
Festival Internacional de Cine de Mar del Plata,아르헨티나,마르델플라타,11월,영화,남미 대표 국제영화제,https://www.mardelplatafilmfest.com,11/07 ~ 11/16 
Fiesta Patronal de la Candelaria,페루,파차카마크,2월,종교/전통,가톨릭과 원주민 문화 융합 축제,https://www.mincetur.gob.pe,02/01 ~ 02/10
Festival Cultural de Negros y Blancos,콜롬비아,파스토,1월,전통/퍼레이드,지역 다문화 카니발,https://www.colombia.travel,01/02 ~ 01/07
Festival Internacional de la Canción Infantil,브라질,산타마리아,11월,음악/어린이,어린이 노래 축제,https://www.santamaria.rs.gov.br,11/20 ~ 11/25 
Festival de las Flores,콜롬비아,메데인,8월,꽃/문화,꽃 축제와 퍼레이드,https://www.medellin.gov.co,08/12 ~ 08/19 
Festival de la Cerveza Artesanal,아르헨티나,부에노스아이레스,10월,음식/음악,수제맥주와 음악 축제,https://www.argentina.gob.ar,10/10 ~ 10/15 
Fiesta de la Vendimia,칠레,메리다,3월,와인/문화,포도 수확과 와인 축제,https://www.chile.travel,03/05 ~ 03/09
Festival de Música del Pacífico Petronio Álvarez,콜롬비아,칼리,8월,음악,태평양 지역 음악 축제,https://www.cali.gov.co,08/14 ~ 08/18 
Festival de la Canción Popular,페루,리마,11월,음악,포크 음악 축제,https://www.peru.travel,11/05 ~ 11/09 
Festival de Cine de Lima,페루,리마,8월,영화,국제 영화제,https://www.festivaldelima.com,08/16 ~ 08/25 
Festival Nacional de Danzas,볼리비아,산타크루즈,8월,전통/춤,전통 춤과 음악 축제,https://www.bolivia.gob.bo,08/20 ~ 08/27 
Festival del Vallenato,콜롬비아,발렌,4월,음악,전통 민속 음악 축제,https://www.festivalvallenato.com,04/26 ~ 04/30
Feria de Cali,콜롬비아,칼리,12월,문화/퍼레이드,지역 대형 축제 갈라,https://www.feriadecali.com,12/25 ~ 12/30 
Festival de Música del Caribe,콜롬비아,산타마르타,7월,음악,카리브해 음악 축제,https://www.santamarta.travel,07/21 ~ 07/25
Carnaval de Barranquilla,콜롬비아,바랑키야,2월,문화/퍼레이드,콜롬비아 최대 카니발,https://www.carnavaldebarranquilla.org,02/22 ~ 02/25
Festival de la Fruta,페루,치클라요,7월,음식/문화,지역 과일 축제,https://www.chiclayo.gob.pe,07/15 ~ 07/20
Festival Folklórico de Iberoamérica,멕시코,과달라하라,6월,음악/춤,이베로아메리카 민속 축제,https://www.festivaliberoamericano.mx,06/10 ~ 06/15
Festival de Teatro de Manizales,콜롬비아,마니살레스,10월,연극/예술,남미 대표 극장 축제,https://www.manizales.gov.co,10/04 ~ 10/12 
Festival Internacional de Música del Amazonas,브라질,마나우스,9월,음악/문화,아마존 음악 및 문화 행사,https://www.manauscultural.com,09/05 ~ 09/10 
Feria Nacional de San Marcos,멕시코,아구아스칼리엔테스,4월,문화/시장,멕시코 전통 축제,https://www.feriasanmarcos.com.mx,04/13 ~ 05/05
Festival Anual de la Canción,에콰도르,키토,11월,음악,전통 음악과 페스티벌,https://www.festivaldecancione2019.com,11/15 ~ 11/20 
Festival Internacional de Teatro de Bogotá,콜롬비아,보고타,10월,연극,남미 최대 연극 축제,https://www.festivaldeteatro.com,10/08 ~ 10/20 
Festival de Viña del Mar,칠레,비냐델마르,2월,음악/문화,라틴아메리카 대표 음악제,https://www.festivaldevinadelmar.cl,02/20 ~ 02/27
Festival del Cacao,에콰도르,포르토비에호,5월,음식/문화,코코아 축제,https://www.turismoe.com,05/15 ~ 05/19
Festival de la Cultura Quechua,페루,쿠스코,8월,문화,케추아족 전통문화 축제,https://www.peru.travel,08/22 ~ 08/26 
Festival Nacional del Folklore,아르헨티나,자파타,2월,민속/음악,국가 민속 축제,https://www.folkloreza.com,02/05 ~ 02/10
Fiesta Nacional de la Vendimia de Cafayate,아르헨티나,카파야테,3월,와인/문화,와인 수확 축제,https://vendimia.cafayate.gob.ar,03/07 ~ 03/11
Festival Nacional de la Sandía,볼리비아,포토시,2월,음식,수박 축제,https://www.potosi.gov.bo,02/01 ~ 02/04
Festival Nacional de Teatro,볼리비아,코차밤바,5월,연극/문화,국가 연극 축제,https://www.teatrobolivia.bo,05/18 ~ 05/24
Festival de la Cerveza,페루,리마,9월,음식/음악,맥주 축제,https://cervezeria.com.pe,09/12 ~ 09/15 
Festival Nuestra Señora de la Candelaria,페루,훌리아카,2월,종교/전통,지역 최대 가톨릭 문화 축제,https://www.candelariafestival.pe,02/01 ~ 02/14
Festival Nacional del Tamborito,파나마,콜론,6월,음악/문화,전통 드럼 축제,https://www.puertorico.com,06/05 ~ 06/08